{"nodes":{"node:10":{"location":{"x":262,"y":201}},"node:11":{"location":{"x":424,"y":-45}},"node:12":{"location":{"x":494,"y":114}},"node:17":{"location":{"x":-8,"y":62}},"node:19":{"location":{"x":9,"y":-8}},"node:2":{"location":{"x":-354,"y":12}},"node:3":{"location":{"x":-173,"y":-68}},"node:4":{"location":{"x":-119,"y":221}},"node:5":{"location":{"x":6,"y":-128}},"node:6":{"location":{"x":-297,"y":132}},"node:8":{"location":{"x":215,"y":81}},"node:9":{"location":{"x":252,"y":-165}}},"selection":null,"view":{"scroll":{"x":-348.4774169921875,"y":-192.03717041015625},"visible_rect":{"max":{"x":580.69683837890625,"y":497.283843994140625},"min":{"x":-464.6365966796875,"y":-256.049591064453125}},"zoom":0.749999940395355225}}